id,image,time_create
1,"data:image/png;base64,iVBORw0KGgoAAAANSUhEUgAAABAAAAAQCAYAAAAf8/9hAAAABGdBTUEAAK/INwWK6QAAABl0RVh0U29mdHdhcmUAQWRvYmUgSW1hZ2VSZWFkeXHJZTwAAAJ3SURBVDjLfZLNi01xGMc/zzm/c9/NDMZLudOENGPyLkphw5aFkrKgLFhbWZCV/AeyVBMlpCQbFEWRBRKGMcMMo7yOe+fOueeec+7v91jc8TLT8Cy/PX2+377PI6rKbDN0/XhQ7Gw7XChkDmWydrm6sGDDcWsnK9V6JboZ1jix4sCl9zIbYOTW6Uxbh3++1LVqr18sI0EB8Qzqmrhogvj9fcLh26MTSecuM5t7Pp+cKpU37g0617cE9UEASfFKUFy9GzLzu+3jCzv/AYgOmfYeIAWKYHIIPuAghWb0inx3L/HQvCOzAjwXtUuQxTXGkKCE/RGCKprW8doNLnqOV1qKZOb1mMEbm57m2vr6RLw/CeKmn4vqoCNEr+/i6lnED3CNGl4mxZQNfn4ztvoFI+r1dm09F4gIKIAy+fYO0evLFNftIR29SG7zGrwgRjJdTFy7Qn7lMWovBpj4/PWhoakNXJKNP53FJj54bfjBHMI4QF7cI+hYi+cUsTkkVbKLN1AfjKg87P+47Oi9LYa0ld01C1PuD6i+fDK9lIGZLQ2w4uijMoDBeT6eT+3dIMn4B1xcZ/6mfXSs248gVGuKw8e5Bs4F5AslPvXv+I0yNEHwWbDtJKgFdYAl+XYVbEi9YvFziwkycxmvxLypLmThX1kMqaqqJfnc37qzKtACqaYUsvBmdIxqOMa37yHbdxwkfPY3IFHXql9b7mpRTUCboAlZ02BVdx1na6idpLikzNC0BLE6RKYcm6ApuBh1MWgDdQ3UhaidBBcB3rQ6jaYua8MKyCJEBPBR35t6XRA8QEAFMNioNgMQx3eHz+zcgrb2/ju/dpx78Ev6CYWKMs7gLifFAAAAAElFTkSuQmCC",2023-10-21 14:12:21
2,"data:image/png;base64,iVBORw0KGgoAAAANSUhEUgAAABAAAAAQCAYAAAAf8/9hAAAABGdBTUEAAK/INwWK6QAAABl0RVh0U29mdHdhcmUAQWRvYmUgSW1hZ2VSZWFkeXHJZTwAAAI5SURBVDjLpVM5q1pREJ6r1w33qLihIgoS0Z8QYhRCAjapXBqrFCn8BQ9SBixs1N+RVyqBGBvttFELxUJxRwm4gc81ZwauaNp3YJhz7p2Zb7nnctfrFV6zRPDKxQubTqfz+3w+h1nA6XSC4/F4i8PhcIuXlxfM5VQqFcE+DiWw5vdSqbRiMpmo6P91L1MikUClUoHBYBBJp9NlYsAQv+t0OpjNZiCTyW5N9424H41GoNFowO12I+gTe1zmms0moRsMBliv1w90UQo2chwHYrGY0NVqNSiVSiiVStDr9SI8oiN11IpFcrmcQkC/Z4L5crnAfr+HYDAI7Xb7iUek3W4Hi8WCDBKK0EzMwll4hmee50GlUhFLHBDG6XjAAiaJKItEogcGwiCn00l1drsde8I8oqJWDHyBgzabDcmwWCzQ7/dBoVCQvO12C1qtFubzOaxWK2JMA7ARA31AI41GI8RiMZLm8XigVqsRQDKZJCOn0ynU63UCogH4BXBAo9GgwnfhMORyOZKDLNAwbMpms5QDgQBEo1G8C8AzR0vFYvETUq9Wq4RIV5QZhQzi8Tjo9Xqij0YXCgUYj8dUw+Rc+EQi8Vm4LPl8/hvT/oNtda1W6xcz7kMmk5Hgd8eFA9k6svyH5Y+TyWTN3d82v9//1uv1/gyFQhaHw3FhLN6gYd1ul26oy+UCs9mMMv8Oh0MRu9KzhwE+n09stVqDDPHZZrOZWJMY/9jlcvmV5TEz9xl/B+bbmaEvGJMv/wD5tI7A5/InTwAAAABJRU5ErkJggg==",2023-10-26 06:26:55
3,"data:image/png;base64,iVBORw0KGgoAAAANSUhEUgAAABAAAAAQCAYAAAAf8/9hAAAABGdBTUEAAK/INwWK6QAAABl0RVh0U29mdHdhcmUAQWRvYmUgSW1hZ2VSZWFkeXHJZTwAAALRSURBVDjLfVNbSJNhGP6li24C6UIiDHWah83UdJv7d7R5oiiPWGp5yIUHNNF0acNjrmWe5gx1Ujmd+pubW8upaSWZRilZdhN00WVBEAgalSK5p18hczm7eOF7eb/neZ/n/d6PAEDsFWETAoSN8aWbZ/EDXqLIFLr67x27RPpU6LUzl1hJiC08a7461lNo4GYLBjnf/ktwYrPjOF/+JxeZeWtCY+hSTk00FX9TsCroZttSrggb9iSQjJLL4hFybUuyiVwRDHHBpzjg6zmoni3B7CcLrjVnIiY75KpDAtqnVDQcComBXD5tioL5vQ6THwagfqFCQKsfMifiYJzXIrjlGI43+CNQxaK7jpArtM9t77RPWxjFx9CiBjcey1BhTUGZ9SIkWhIBDUzIBpIRGe/zcVsB7XOd9gnBfW6fhCK/njPHg3rTgtrxDJSa45DeH45UYwIMC3fQMa1GoJIJYaq3xc4Cf4AzR+rZIHVsmN61o3osDSWmWKTrpUgejEXXjAoF/SSye4IRVMMCS+HznVnmXWg3A/Ieey3VkIjmqUIUG2OQ1hOOpL4z6JxWorA/AZd6QnB99DySu/zAlB+1+RZ7weey598B8jpCfuSZZWh7Vo703kgUUWIaSCKXVpbVHYRKy1kYF9ogH45DVOuhDXHTwQNeOR6V2wSC29z6kOYA1I2XI0kXQ0vm4eFiJ8xv27eAQwsaaKbk0M81Io+KBrd+/0aA0snZ7hnZ9UEzXnIPdD9vpyUHb4HVT4rQMFkA1aMc1I5m0Q1y0TWrRFqvCN41xK9d+x9YwZoJVLBw4S4ThtcaUPMt0L9qhO7lLZokH9rZOuRQJ8GoIpZcFcRxh5/Iv9RHn6Bl4FSbKyJaXSBsckZGjwCdM7WQ9UfDvYr4clhBsHZtoqPwzHKfY2S4wV/p9DNTHwH3CuIzDfZ1uMp7hXvqkXVGpZPNrWIfXBQEY2ftN8xTb5GsXWfEAAAAAElFTkSuQmCC",2024-02-29 06:20:11
4,"data:image/png;base64,iVBORw0KGgoAAAANSUhEUgAAABAAAAAQCAYAAAAf8/9hAAAABGdBTUEAAK/INwWK6QAAABl0RVh0U29mdHdhcmUAQWRvYmUgSW1hZ2VSZWFkeXHJZTwAAAIvSURBVDjLpdNdSFNhHMdx6YVIhaALC8GLoFcso5dVRHVRFFQISlJeVFYQgdKKiEprldrmS8KgWYK2raZGbaOcafamLVxq6qxs5qxIHYpkUiYsmVvn2zmnGBbkhbv48Ryeh//n+Z/D/4QBYaHkvweagxujb6cttzlOLuqtP7Wgx3I0tjr38Gp9TnIMYu6L2TEh8DkjQhgzJSL0tSC4rAR0K+i8EId/9BtPLq2RERnQ7Fs7xZs/4643b/qYN3caXrWY7KkEGnQw2AkjA9DnhN5G7FU38DzVUHYiTgIOyUBByqqI0ZyZ9bSUgNMIzeL6/iF4mqDrAQy8+b3fdJUipYK+51q0KfMkIFoG9EeWLfRlRrbLQFkilCZAbSa0ikU9DvHmF+KznmHzcZ81XcGHe0qpmOBHtB2bn+BXz/HQoofyJLi1B+qy4FU59Iutd9WIXRXTWaEbthdsprtG9TfgzJirFhza7zxWgXkvWPbDMzW8NcPXbvhYC+5qWiv1vDPtpvHKNglwBYEvmshK8YaA3LphOzw6B+134JOdQKvx54gx6YfPGO9/XZ4uAxXn10tAdhAYzY94KTQWQlupGBNCRyW+QgVDqkih7fJOp79em9x/84BhZUwULsMuilNjJWBTELAol5R0qKK8Q1nhwmBmuOA+PdtnTl3cMH4mxIIt19OWyh2Mf/8JB+kfIM92cUNIgLu5KD4kQC6uK9gaHOFJAdaz6yTgzGSAa3/+QmmdNf7sF2A4ynPOLQFtAAAAAElFTkSuQmCC",2023-11-10 06:57:57
5,"data:image/png;base64,iVBORw0KGgoAAAANSUhEUgAAABAAAAAQCAYAAAAf8/9hAAAABGdBTUEAAK/INwWK6QAAABl0RVh0U29mdHdhcmUAQWRvYmUgSW1hZ2VSZWFkeXHJZTwAAAIwSURBVDjLhZHLaxNRGMUjaRDBjQtBxAdZFEQE/wEFUaurLm1FfEGzENwpturG6qIFrYUKXbUudOODNqIiTWqvFEwXKo1UUVRqS2NM0kmaZPKYPKbJ8XzTiUQxceDH3HvnO+e73xnH8X7fLjJInjbgEekiOwA4/sbBD0Ov5sIqY5SVXiO/Rpospw01HphXrOttZPBMxCkWJ3NltZItq3i2pOKZklrWi9Z5SMuKwf2GBtJVxJotiqWLKpIqqHCyYO3/Z/A8UyirBDtLcZTi6Y+RdxdHAsnTAy/NM0TerCuRlE2Y9El+YjCWoLBkViyxdL40OpNmLuBo0Gvk12AuYC5gLqB2XAw8A2NBFZzXVHm1YnHq1qQpYs4PjgbmAuYC5gLe0jrnWGLwzZqDi33ksSTunw3JvKZ0FbFmi5gLeDswF2v/h4Ftcm8yaIl9JMtcwFys4midOJQwEOX6ZyInBos18QYJk0yQVhJjLiiald/iTw+GMHN2N6YOuTB9YieCozfE4EvNYDO5Ttz2vn/Q+x5zC3EwEyw9GcaH7v0ovLiN6mcf8g8v4O35vRg+edTr+Ne/tU2OEV03SvB3uGFQjDvtQM8moM+N+M0D8B92LjQ0sE2+MhdMHXShOutF/ZO6toXnLdVm4o1yA1KYOLI+lrvbBVBU7HYgSZbOOeFvc4abGWwjXrLndefW3jeeVjPS44Z2xYXvnnVQ7S2rvjbn1aYj1BPo3H6ZHRfl2nz/ELGc/wJRo/MQHUFwBgAAAABJRU5ErkJggg==",2023-12-27 07:55:42
6,"data:image/png;base64,iVBORw0KGgoAAAANSUhEUgAAABAAAAAQCAYAAAAf8/9hAAAABGdBTUEAAK/INwWK6QAAABl0RVh0U29mdHdhcmUAQWRvYmUgSW1hZ2VSZWFkeXHJZTwAAALZSURBVDjLfZJrSJNRHMb90Jfoe+GnPkVBF5GKJIKS0gqFbnTX0swaSkqWTdJIBXXqygtMFPRDC29lmuYlp6mgeTfzthTHnHObuoub0/fitvd9Ou+KpWYdePif97z/5/d/OBwvAF7rRWk/hlCq8gZqqkS7PJLH2AZSWWvXM4ul/dHIUqc4eXO/Z0Nrarxp9YcmVtcEp7kHrpUf4JhZ8KwWLtsk2JlGWFqisVBzTW1uEx/YAKBm63asTsv7HaZOcGtaIg0xT4Cjh+Fa7SPqIWdK8A4T7P250MlPWxbbEnZ5AKvKwkx2rp406MGx06TqwLtsAL/mFu+yEtgonMv1AGeB8VM0dJU3Gj2A5SGJzmkdJb3TZNIMeKeZmJbcRrecJvJPQwCfiSrA6gegyvdjPIClr4lrHD0DF9ULFz1E4itJ7DG47MPE0E/uoAtOuwKssQCMPg7cqhaTmb68B2Bui51bW+wj08fBzCWRCemw1obB2iCCtT4C5rJgMLpUUKqbcJiywGgHMJV9+E8Cc0eCxNqbTeKawcyKYSzyAT0bT/QUlFpE6hMY0rdjZSIQPK+C/l0s1EXB7R6ArTt522KDaHJlvJRcoAqmN35uM62LAqUNBa2Jw0LeTnBUB5a/VUGZvJfVVcfu2fAOTF8SfOarQkwrY2WwVUf+ApDJgpnWPEZN8WXEF9zGg9cXEJLmz5xPOJS0ASDI2Bx/RF0ePm8oCQTTFgTOcBac3h+1lZeQ8j4c9eMyfDcokNMShes5B3Es2lvqtflptpenBclSIhxvZc9RmHUc0pdHcSc9ALVjuahV5kNY0tZI5LQ+FADMXwBBL8Qirby0DHJ5BQqLShCc6IvG8WKsX3WjMgGALQHimLvdLa2tMBpNGBwcwomY3chW3EOGIsxtzmgO+3+ClnJJ6NWL56iAgDO8v/9J/tSt/c4r0n14pbjvnixU4XvLO/iXSLOEyC7E/l0lwvlPxOcI8qKVSZYAAAAASUVORK5CYII=",2023-08-21 04:13:32
7,"data:image/png;base64,iVBORw0KGgoAAAANSUhEUgAAABAAAAAQCAYAAAAf8/9hAAAABGdBTUEAAK/INwWK6QAAABl0RVh0U29mdHdhcmUAQWRvYmUgSW1hZ2VSZWFkeXHJZTwAAAKUSURBVBgZBcHda5V1AADg5/29Z/NMNzvW5qbhwmLpQkpbkqBFXvVBF0pXUXdddVMHu5Agsv6D8KbwppC6LRAqQWhdRKTmoAwvnJSOOsqmTmU7H+/H79fzZIN3tIanndDQBhAQABAAABU6PiuWfNoYnnbCzOG2yTnyIUKDLCNkZIGQETLkZMiQajoX28M/nNHQ0DY5xyBnaj85lq9we4EQyAMCObJASoyOs/VZtp5pN0A+RGiy7yjgKOU6i+e49j31GjJSQsbqLZqPEAkisgbdm1z+jr9/YX2FoU08dYRXT7L9ACCjLOmXVAUFDQEho3uTv74mZDQC43vZ+zYPTfP8+yyc4to5BhXFgLKmT0NAwNR+Xmxzb4nOAkvz/HScuXetjzTdjx2Tk3vki+cZVJQVBUGEnAxDm5iY5Zm3eOUkrZ3iwhfuXvlKs7XH6vgO0gb6JWVNnyAgw90/+PE9Lp1ifYWhjRz6yL2RUSOTB23ets/q9Xm9XYfoV5SRgiAgBFKgt8zSPPMfcuNnRf+uO1XP2HhL/eCM8dk3Ldf3pH5FUVMQRMjIEwc+4NDHbHuOhS+tXD7t4Zkj9BdcOP2N0VbP6vXf3J/YSlVTEEBITOxh+34mZtlx0NraqrLfNbalKw7+IUX12kU7Xzrm3w19dVlTEICM3gplF6TlRZ2ypzW9V+z+KcWeuTd2iUVHs3nV5tnXdbodKoICqULN2WOcPe72r59rzrxm49htqbpDlrv07VVEsX/VxJOP+e9BR3d0g/yTGS1TIwdsmWF4lJAsLt8wffi40MhlQzuE5m6P7ntBaO6WDT+hsWlGPva4653zi9ngZa3hKSdMaYuouDD5tDqSYpLqKMUoxSTFJMUoxSSlWKWUfv8fIbEaFyrl/WgAAAAASUVORK5CYII=",2024-02-04 23:56:00
8,"data:image/png;base64,iVBORw0KGgoAAAANSUhEUgAAABAAAAAQCAYAAAAf8/9hAAAABGdBTUEAAK/INwWK6QAAABl0RVh0U29mdHdhcmUAQWRvYmUgSW1hZ2VSZWFkeXHJZTwAAAIpSURBVDjLddM9aFRBFIbh98zM3WyybnYVf4KSQjBJJVZBixhRixSaShtBMKUoWomgnaCxsJdgIQSstE4nEhNREgyoZYhpkogkuMa4/3fuHIu7gpLd00wz52POMzMydu/Dy958dMwYioomIIgqDa+VnWrzebNUejY/NV6nQ8nlR4ufXt0fzm2WgxUgqBInAWdhemGbpcWNN9/XN27PPb1QbRdgjEhPqap2ZUv5+iOwvJnweT1mT5djZKjI6Ej/udz+wt1OJzAKYgWyDjJWyFghmzFsbtcY2gsTJwv09/Vc7RTgAEQgsqAKaoWsM8wu/z7a8B7vA8cHD3Fr+ktFgspO3a+vrdVfNEulJ/NT4zWngCBYY1oqSghKI465fvYwW+VAatPX07IZmF7YfrC0uDE8emPmilOFkHYiBKxAxhmSRPlZVVa2FGOU2Ad2ap4zg92MDBXJZczFmdflx05VEcAZMGIIClZASdesS2cU/dcm4sTBArNzXTcNakiCb3/HLRsn4Fo2qyXh3WqDXzUlcgYnam3Dl4Hif82dbOiyiBGstSjg4majEpl8rpCNUQUjgkia0M5GVAlBEBFUwflEv12b/Hig6SmA1iDtzhcsE6eP7LIxAchAtwNVxc1MnhprN/+lh0txErxrPZVdFdRDEEzHT6LWpTbtq+HLSDDiOm2o1uqlyOT37bIhHdKaXoL6pqhq24Dzd96/tUYGwPSBVv7atFglaFIu5KLuPxeX/xsp7aR6AAAAAElFTkSuQmCC",2023-09-22 06:56:22
9,"data:image/png;base64,iVBORw0KGgoAAAANSUhEUgAAABAAAAAQCAQAAAC1+jfqAAAABGdBTUEAAK/INwWK6QAAABl0RVh0U29mdHdhcmUAQWRvYmUgSW1hZ2VSZWFkeXHJZTwAAADsSURBVCjPpZE9SgRBEIW/XnvWwB+ExUAXBDNvsTCTeAtP4AkEz+MNnGSHuYHBRgObCAaCmAiCU93VZdC9g5HJVlBJvfe+osoZ/9eMfQUeYFhrrUQCgYAgCCPS3TXgjGE178+RyZO3quh5be47D/HxjHcOAStD441Trhke6NxmNe8XfJXgiOE4oOKEI1q2jXtZX9SGYCXcpl7xyVPnhW8+GDESSsJIJBTDc4zgpQZB2eCYFa+RuEJZIrUfiUQUxZEKZpcRCPgRRUnckEjYH4yRsmCBTsHZvwNdEvE/7fOtMObbIUi5Z8Za6/b+5i8QHogENhlMkQAAAABJRU5ErkJggg==",2023-06-30 16:00:30
10,"data:image/png;base64,iVBORw0KGgoAAAANSUhEUgAAABAAAAAQCAYAAAAf8/9hAAAABGdBTUEAAK/INwWK6QAAABl0RVh0U29mdHdhcmUAQWRvYmUgSW1hZ2VSZWFkeXHJZTwAAAF2SURBVDjLlZLNK4RhFMXPaMzU+EhJLyUKjYUSykeRsRCWUnbKzpTd8AfYWGPNRtnJQorNbMdsJ8xiForYSFNKM2Pe9zn3PhYoTfN56m5uPef+7n2Oz1qLctq5jSZUtPlo/mQaVdRUrhlLbKWcgDPrBJ2p7fjmXTUD33+C3dtoQFUfnGB3eKB9CGoVmWwGrx8vj0IZOV0796oSCOWKlD4RgehvkaDHXuPxuibBn6I3G3auPwKringmjrP1C1+lFfzlmjQ/01UF9IiGj2g8QkRASzhtDlaPV2INGhjQEjk3h872LhjXrC0fLsQaIqAQ2UIWbaFWjA9PzPV09hxE9mfs7N6krZsg/5XH88cT/EE/woNhLEaWYEpuUt7AJYwIMulHfL7lUSy4MDQQS9Cw9i8Yz0BUMDE6hkQyifv0/Tt86CAlINT6DKhEqCUE1ytCRPtTB+li3TkwLkFLqCqMISo9rkLwkwOxWjNIFZJIXF5eQSjQkp1L9Q34mO6FTUohDAAAAABJRU5ErkJggg==",2023-12-04 06:02:56
11,"data:image/png;base64,iVBORw0KGgoAAAANSUhEUgAAABAAAAAQCAYAAAAf8/9hAAAABGdBTUEAAK/INwWK6QAAABl0RVh0U29mdHdhcmUAQWRvYmUgSW1hZ2VSZWFkeXHJZTwAAAIpSURBVDjLddM9aFRBFIbh98zM3WyybnYVf4KSQjBJJVZBixhRixSaShtBMKUoWomgnaCxsJdgIQSstE4nEhNREgyoZYhpkogkuMa4/3fuHIu7gpLd00wz52POMzMydu/Dy958dMwYioomIIgqDa+VnWrzebNUejY/NV6nQ8nlR4ufXt0fzm2WgxUgqBInAWdhemGbpcWNN9/XN27PPb1QbRdgjEhPqap2ZUv5+iOwvJnweT1mT5djZKjI6Ej/udz+wt1OJzAKYgWyDjJWyFghmzFsbtcY2gsTJwv09/Vc7RTgAEQgsqAKaoWsM8wu/z7a8B7vA8cHD3Fr+ktFgspO3a+vrdVfNEulJ/NT4zWngCBYY1oqSghKI465fvYwW+VAatPX07IZmF7YfrC0uDE8emPmilOFkHYiBKxAxhmSRPlZVVa2FGOU2Ad2ap4zg92MDBXJZczFmdflx05VEcAZMGIIClZASdesS2cU/dcm4sTBArNzXTcNakiCb3/HLRsn4Fo2qyXh3WqDXzUlcgYnam3Dl4Hif82dbOiyiBGstSjg4majEpl8rpCNUQUjgkia0M5GVAlBEBFUwflEv12b/Hig6SmA1iDtzhcsE6eP7LIxAchAtwNVxc1MnhprN/+lh0txErxrPZVdFdRDEEzHT6LWpTbtq+HLSDDiOm2o1uqlyOT37bIhHdKaXoL6pqhq24Dzd96/tUYGwPSBVv7atFglaFIu5KLuPxeX/xsp7aR6AAAAAElFTkSuQmCC",2023-12-14 09:56:08
12,"data:image/png;base64,iVBORw0KGgoAAAANSUhEUgAAABAAAAAQCAYAAAAf8/9hAAAABGdBTUEAAK/INwWK6QAAABl0RVh0U29mdHdhcmUAQWRvYmUgSW1hZ2VSZWFkeXHJZTwAAAJcSURBVDjLfVPPaxNBFP5mtzVL0nhIA4mUmBaqB/WSUy459FBs6amIIv0DJBcR9GIOWqSI9JSjesjFi1eDoNBEsdEaEFsRD0EPLYKxNMREyY/NbvbH+GbdTdOWOvB4M7Pvfe9735tlnHOIZd24znHuAsxiEdw0wS0LtmHAdv3o/Dz4q3UEXq8xDK0RbzOcxIcSbXHv+b6Bw2sfwDAdEFvXnWAHSHh3P3IMgDQAoI+ckhGPwxIgZMJbmgY2PQ1b7VFM/z8M+saKpmnLzctX0AmOQZNlGIJ6uw3lVwORN28RpJhjAbbv3qlyVe2EJibGFDrbtg1PYALGJ1nuqLMz1aVDAEwEVSqVpGma+UgkEm1TxV6v5wAIkyQJPp/PsVKptKfr+mI6nf5wQAOimgmHw9FWqwVVVWHRBIQJANFGp9Nx7hOJRJTYZI6ISEEpwURUNoXqbnVhHli320UgEAAxSB1poVwuW7FYTKrX604ShjQYnD/mwbfy0Ks7sGT+g64eXiyYq46IfRqPFzzsB/ut5zhZfY+zV9PwTZ1H70shVnlXvF+cHe06LRCt5uBJu7179IXvbTzFmZlLULbXwZ4swb/zDJPxcZkzfnPEBdig/heF0s7sDzGRGjUo0Slg4db+/O+dgmyzScmd8+rm5uaeoijw+/0HNGCMgYfCUD+/AChJv83wm6xVqwstdplHPZfLXSMmK8lkMhoMBv+9TpdF4+VjnPi2htPj9E9IVbTrJr7XZMvQ+PIAQKxsNpskkAyJmiILCXGppSbZxtyf0q5S/7ogWyxOlX9S1qO5gvngL9401yPDHgg9AAAAAElFTkSuQmCC",2024-02-13 14:35:56
13,"data:image/png;base64,iVBORw0KGgoAAAANSUhEUgAAABAAAAAQCAYAAAAf8/9hAAAABGdBTUEAAK/INwWK6QAAABl0RVh0U29mdHdhcmUAQWRvYmUgSW1hZ2VSZWFkeXHJZTwAAAJUSURBVDjLhZPPS1RRHMU/997nzDihTx0zFxrRxkqyQKNaBBGCWzetXUhYCUKLfrhtEdFGCqEWQf9AuK5FQouiokWrFoYuBioZ480o47x57/5q0cw4ReUXzvKce8/3fI/w3gMghBgCDgGK/08JKHrvHQDeexoi4/V6vaK1tsYY/zfU63W/vLz8EDgCSO894sKtF2Z4IKcS5XHG4qzHGEdeKDaKEasPpnDOkaYphUKBra0tVlZWHs3Pzy8BxSCXzzJ+cpC1qEaaGoy2OOMYKXSytl5CSon3HiEEAGEYMjMzsxAEAXNzc0vSGmsq2zFHuzpIYk1SN4z0dVKuxOAsSimklC2BTCZDLpdjdnZ2ARiQ1pibqx++plE55nghz4n+PFF5l1dvNrhx+TRSSpRSZDIZKpUKURRRKpVaGxX23VD4fnPs+bGe4uQBVcVZTznO8M1PcerSXVBdWGt/g3OOMAwJguBs4CyLZ0bHJkXfHZxLkGabXr1N1+ZL4s/3yY/dQynVjBohRDM1AKTTtWuifxqrK9i4iN1dx8YbyL4Jdj4+aRGbVpRSBEHQEgis0d3Sg7dVsDW8reF1BYQiKe/seW28rJT64wfG4X2Kt/Evsqvh7S7YOjrZO7RmlO1kAGl0uuP1DjjdEInBW7yponV361pbBCmRUrYJVPXj+MszhOxAZg8ic4MI1cOPT2/Jj179bXntaFn7/pQwiVisRVx3KV06BeN6Cc9d4fD0bYJ8+K9SuSAIzou2Nk4kSfJaKZUD5D6NdNbaWjabvdguMNyo837k5lig9BMTlFjmy9KhMwAAAABJRU5ErkJggg==",2023-06-09 16:32:28
14,"data:image/png;base64,iVBORw0KGgoAAAANSUhEUgAAABAAAAAQCAYAAAAf8/9hAAAABGdBTUEAAK/INwWK6QAAABl0RVh0U29mdHdhcmUAQWRvYmUgSW1hZ2VSZWFkeXHJZTwAAAHkSURBVDjL3ZNvT1JhGMafb3G+TQqKECNFRIEDcvgXmB5IPNJmTdbC1SQ0S1xzZKXyT41TdpCOMyYtiXS9aW2uD8EbPsHV87RRmyLrdc92vbt/1/U8930/ZLYxASbpSwgz9SCin2+CHtJJwYoLgbITvvcOeN7a4S6NgTB45+cmCucvu8JMFOZCZQHpr0tYO12Ga9cKwpJz5xvIfH+GR2dxRGp+uSOs8Jxv39GKV+/gYS2OlXoSfNECMnMSRKw+hdS3BLI/Mlho3MPUR88lE+++ozlfjWG1kYJUCcNRsMCWM4NM02vf/hTgwsf+1uLpfTw4mcOtQ0G9aCDINiWmRiAdiAz+HTC6Nfi3QKx6uckjT3Pi0K1c1QPnzojahtsi3Zr2L/rfDGin5fE3o+pVxeYXRmVw3dA0Pddzfwz8Co82LFVERMuTbEyXJjGUMaqBgoBQ0Qfjmq5lWO3n9E/76IK8s4PCYHCytoDZgwhsWXPzosGNdYPszY1jTonBnxVgSuuhe6KhyfRDJGsJ3P0gQSqLDG7RBeE6PeF6Wie7X/MI5N2YLonoX+oFce1ZsXicQOJoHs68FdbNznBbAytaREthSHIE2lQPCF8cgT0/jLHtIQbD8sqEbrBuWYM+mqx93ANN8hp+AQOPtI0tirA3AAAAAElFTkSuQmCC",2023-07-21 06:28:36
15,"data:image/png;base64,iVBORw0KGgoAAAANSUhEUgAAABAAAAAQCAYAAAAf8/9hAAAABGdBTUEAAK/INwWK6QAAABl0RVh0U29mdHdhcmUAQWRvYmUgSW1hZ2VSZWFkeXHJZTwAAAD7SURBVDjLY/z//z8DJYCJgULAgi6gUvvEWEOVY6aqJJsxw79/DAxIDrxw+9ee/blirnhdYKjHtcpKmd1YiZ+JQZKbmeHivV97+j0EGEGaGf4T4QIZPiYlXhZGsM2g4Pn/FyL+/x+I/Ec4DEA2vv32jwEetjAa6B2YYXgNeHD/Z9iOM19XP3j3h+Hbz/9ATRBbwbH19z9hL9zrkn0PpMIUCh4Jaqpz7IZF8/8/DAwMWKIcZzQ+mCD3/tu3v+8Z/sC88h8aDgRcgAzAfoa54C9WB+A3AORnmCYw/ZdEA/4hO/kvAwMDyS74j4j6//+w6ifkBYQmXAmJccBzIwCU7Hm5Y0odkQAAAABJRU5ErkJggg==",2023-11-03 19:43:14
16,"data:image/png;base64,iVBORw0KGgoAAAANSUhEUgAAABAAAAAQCAYAAAAf8/9hAAAABGdBTUEAAK/INwWK6QAAABl0RVh0U29mdHdhcmUAQWRvYmUgSW1hZ2VSZWFkeXHJZTwAAAJOSURBVDjLjZPbaxNBFMarf4cFwb9AIgXBR18Enyw+i1gs4g01kphSlPjQeAtNzNqGNLVpNCGhEvBS21Rr0ZIK6ovFiKbNbXNpdpNsstncUz9nNiauErEDHwMz8/1mzjlz+gD0UZGxh0hFNPAf7SXa3fUpAKparVZoNpvbrVYLvUT2YbFYTEqIEjBAzZIkoVwud1UsFiEIAjKZjAxJp9NgGKYL6Zh3UQA9UK1WUa/X5ZmqVCqhUCiA4zgZUKlUQC+xWq1tCAUM3v6+74hu2cH4eUz6OcwFcvgYEmUANYiiiFF3Aq5XHIJRCeqHLOJbFcg5OW6Mqm495fL2NznYl7OwveYxsZSF6QUHEpIc9+eQgOvuFL6EMjC6wrg4GZZfIwOGbazX8TaPY/qAr5Ms72oOBt8WknwVem8KWmcCY0/S0E1HcXYyhjNMBAYH2waYF8izl3I4eGLqmjLjz9by+PRNxCMS0k0C0c+yMDjj0MwmMOGJ4+Vqtg0Yn+dwf5HH/sG75/4uWzAiwbfCQ+dMYSGQxdhMHMPmMFY+8MgX623AiDu9+YAADg35LErzHU8SGkcSI4+T0DoSuGRnoZ5mcdIUwdC9zd85OHpjQzP+nMOVmZj4NSZBKNVh9LbN6xslnGai8CxmMP+Ol81criwntgugZTysDmovTEXEUVcKV8lt520s5kjJvP4MTpkjyApVXCZmvTWKRqMh6w9A5yO9Xy9ijUgZCi1lL/UEkMUf/+qDHtruAn5BDpAvXKYbOzGTsyW5exWAfgrZQTt3RFu//yfHVsX/fi5tjwAAAABJRU5ErkJggg==",2023-07-12 21:59:00
17,"data:image/png;base64,iVBORw0KGgoAAAANSUhEUgAAABAAAAAQCAYAAAAf8/9hAAAABGdBTUEAAK/INwWK6QAAABl0RVh0U29mdHdhcmUAQWRvYmUgSW1hZ2VSZWFkeXHJZTwAAAMOSURBVDjLVZNNaBxlAIafb+ab2Z3N7Oxv/nYTEyv2LzQJpKBgrQqNUKmY4kUIXqUHT70p9iB48CKIiN5E0It6KFiwiv9FpAVpKUggNc3mZ7vpJpv9n93ZnZ35PNRI+8B7e9/n9gqlFAeIVUfPeN3zh0R0eVpYM1OanhvTCEY0f3tU79+ctnpfHM73fuQhxIHAWHnmkOGXPjgZyS09l5hnNv4YOdMhoQmigzqGt4nhfeub1fpnVsl/e+hMv/q/QKy+Me0EO5dfso/OvzB8grgV4HGXJC7jwAQ2oxxDuC36xZ+Rhe+v6iutZf2iqklReNe0tPSHZ2Nz84ujR7ht3iJKjcexiOIQI8SiixxcR7QtRORFlK7O9t0rlyy4KBEj5+YisVeez85wy9zGIUeGDDYhDhYOITYuoh2BvTJ68y7B0GnCym8XGq+KL2U0MrE8Z2SRVhqdPmlCsvgk8RlCkgAivRbUNKj1YPMeeu4wcnjRql7/+jVpyvxsPjbK3whi5LEAB0WWgBRgqwAaFah04X4V7puwdwddz+FXjJMSbXI8aSTYCgU2oKMwEdgCEoDhug/G5SjsmFDUoV+DXJ7BnpiUVCNBaJqEXfDVfwG6CjoKnF4crZGCVvNBug0IPXzPZOCnAunfk8W6ro7H2gK3A02gGoDeA1MDGx2nkYG6C24bvDaMSzq7ZfxBsiC7O+aNDaWOn0oLfl0HMwDlQRCAHYUkEGvFkLsp2G9Bo0n41AiNG6sMBvY1yZr6/JsV//XZZ3WZaEp2t6DvgWFA1QRHQbwjSDeTUGvCiSPU1ovU/typQPIrTV0yrrl3vE+/+8XlaCIgq8H+BtSLUN2C2ibsl8ArR+HYGE0rwvbvRTr96HsL6od1CUDDf+enK92JwT+982cWEswvRmiug6qAr0E4AV4uoFXosnV1g8bN5kcp7E8eOZOYKtmUqm/ZiDdfPhV3Zp6IM5k0SIUBstwmXKvCX5UdM6y9n2b34wV1IXxEcEBU3J4dprU0zODpjFBTIyoIxgjXxlB/PIl1eUmdLjzc/xceOVXddrB6BQAAAABJRU5ErkJggg==",2023-08-30 14:02:56
18,"data:image/png;base64,iVBORw0KGgoAAAANSUhEUgAAABAAAAAQCAYAAAAf8/9hAAAABGdBTUEAAK/INwWK6QAAABl0RVh0U29mdHdhcmUAQWRvYmUgSW1hZ2VSZWFkeXHJZTwAAAIzSURBVDjLhZNLbxJRGIZP22la6KLpou1GN11QKGW4DFTH1phorZcYi8R6w2ooAlUSjUStC39A49I/4sK9f8OFLoyCwZAAgsMwc87x9RuoSXWgLt7MvGfO+3zfnAsDwAaJT0094+PjlojHTc7YpWHz/g4x5hELCx16Qm5eg9zOQGZzEMeOQyQSsLze8v8Ab2TqOuTT55C5R5CPS5ClPYhsAfJJCXY0htbkZH4ggFp+LYIq5I00RDoDQz+DRlxHM3YSxsoq+K27EDt5WDMzlsmY5gIIn0/Il6+ocpECazDip2BrOuzYCViRBMzoCgT9El+/gEYgUHN3MDLSlMktCFKTQk5QRCgUjoOHYugsRyC3bqObvodv09NlF8DWtKYsvYDM5NCmijycgFA1iOUoeDAMM6BCXEmiq6+ioihv3YC5OdlbtJ0cOlHqgKryYAR8SYXtD/UAMr+LzvZ9VP3+7y6AMT//rq1R1UIRfOMyTAKYTnAxSOEQOLXe2kziq28RHxnbG7iNrdnZ991kCuJmGnK3CJmiNblKPvOAdiCHaiSKT4pybug5qDO2VB4bQ23tNIyNi+CFhzDObqC+fh5lVcXnQIAfeZB68nqloSiojI7ii67jA73XJibQIG8zJo8GeDxZUAeShi3ST+fzP/4HY9nhAMYscTC5Q2oxViFfOeQdgDUQ8IuxO04l+wBg9kP75PcP+V4XbZrrAlC4TmpRxarTBV0sy3ZuZ18W78OrpBYB639yvwHcmnk0jmx5QwAAAABJRU5ErkJggg==",2023-05-07 15:10:14
19,"data:image/png;base64,iVBORw0KGgoAAAANSUhEUgAAABAAAAAQCAYAAAAf8/9hAAAABGdBTUEAAK/INwWK6QAAABl0RVh0U29mdHdhcmUAQWRvYmUgSW1hZ2VSZWFkeXHJZTwAAAJeSURBVDjLzVNbSJNRHBd660Go597qJQrEl4qgCIoopyk0ZstN0G22EZu1dAuEbA/Otb0Iu+jciinsaUiI7uJgF4cojkIdXtYG0TbYFuk86Ly0+e3X+QY9CCZEL33we/nOOb//+V1ODYCaf0HN/0FQed3TRrFFQVgwvUrCKLvJkfw5KcuekZJYRH62t5PDJ3xy8JhL9hubN4v3HwqqBPQAj6KIGR8wPw+srADJJLC+DiYcwqbTicL4OHYcDmxbR5EZGkLmTT92b98t7ty41cwSfMJ7GzA1BbhcwNoasLwMTEyA6e1FRipFVixGQSTCD4EAn5uaENfpkOx+CVJ/PcMS1FVUymjlnRag05BKofrNzoLhcpHlcPC9oQF+txvT09PYGBjAV3EXSN213Pblel7VA6r3HNXrYd72A5OTQC4HLC3hm8GAgNeLTEcHwuEwgsEgYj0qfBy1lV1mi+tYCmVpV22ps9N9pFYDCwvA6ir8fj8SiQRCoRC1ZB3xeBw+n48urUJHZWi12rPHIjlsE9Qe8FrdJZW6SrAxPIxYLEatcUGj0UCv11dlRKNRGI3GDyf2YP9RS+3eA47/98Z8Ps9OAtV7ULh0tcViseyl02l4PB4MDg6eXI7dO/cuOKmhXqo/RU212+3YuniFx66ZzWayRpOyWq2QSCR/btgX3tObsy9eZRcXFxEIBDAyMrJnMpmIm6YRiUQgl8vtlOD8qTV10PKwBOxtWDnswbGxMczNzbEEUCgUZ04loBptMpkMfX19jeO0jQYaK53aKhQKGT6fP/NXj0mpVEIgYOt//P8vZQLgm35VBV4AAAAASUVORK5CYII=",2024-03-13 09:07:08
20,"data:image/png;base64,iVBORw0KGgoAAAANSUhEUgAAABAAAAAQCAYAAAAf8/9hAAAABGdBTUEAAK/INwWK6QAAABl0RVh0U29mdHdhcmUAQWRvYmUgSW1hZ2VSZWFkeXHJZTwAAAILSURBVDjLrVM7ixNhFB2LFKJV+v0L24nabIogtmItin9ALBS3tXNt3CWgVlpMsAgrWRexkCSTd0KimYS8Q94vsnlrikAec7z34hSibON+cJjXPeee79xvFADK/0C5UIFyubxLUEulklooFNR8Pn+Sy+VOstmsmslk1HQ6raZSqd2/BCqVyh4RW/V6HePxGJPJRDCdTuU6Go0EZ2dnIFEkk8lWIpHYEwEi24lszGYzjHptfPvsgvbuEJ9ePMPH548Epwf70N4f4fuXY6rpYDgcIh6PG7FYzM62dSav12spfHXn2rk4fbmPxWIhIpFIRFfIzk+v1wvDMLAhka9vD+B88gCv79lxdPeG4M39W/jw9KF8q+oJzOdz2VIoFPqhOJ3O7mAwwHK5xGazketqtRKws3+Bto1arYZgMFhTHA6HC78XW6P0wYJmcAy2y+9arRYoPCHTpOD3+w8Vm8122xTgQhobqtUqms0mGo0GeDLckdOnESIcDqPdbnN3aJp2VbFarTfN7kxmUqfTkSLuyM8syB3pLMj7fr8Pn883kTFaLJbr1EHfbrdilwm9Xg/dblfABNMF3/NWisUiKPjHIkDrMou43e4CF+m6LkUMU4idcFc+WJwRkbU/TiKtS4QrgUDgmGZrcEcelXkKORsWJ9sGkV3n/kzRaHSHgtrQjEGCHJSAyBuPx7Nz4X/jL/ZqKRurPTy6AAAAAElFTkSuQmCC",2024-01-28 06:56:24
